,https://zerm.eu/
0,https://zerm.eu/zerm/wir-sind-da-um-rechte-und-freiheiten-zu-retten.html
1,https://zerm.eu/zerm/die-genozide-der-sogenannten-christdemokraten.html
2,https://zerm.eu/zerm/multidimensionale-politik.html
3,https://zerm.eu/zerm/wann-ist-ein-staat-unabhaengig.html
4,https://zerm.eu/zerm/die-werbung.html
5,https://zerm.eu/zerm/der-neue-ueberwachungsstaat-england.html
6,https://zerm.eu/zerm/die-zeitung-zur-erhaltung-rechter-menschen.html
7,https://zerm.eu/zerm/wir-leben-im-mittelalter.html
8,https://zerm.eu/zerm/die-endstufe-des-kapitalismus-die-musikindustrie.html
9,https://zerm.eu/zerm/die-reden.html
10,https://zerm.eu/zerm/der-stand-der-welt.html
11,https://zerm.eu/zerm/mein-problem-mit-feminismus.html
12,https://zerm.eu/zerm/was-haben-wir-aus-tausenden-jahren-politik-gelernt.html
13,https://zerm.eu/zerm/der-gefaehrlichste-politiker-deutschlands.html
14,https://zerm.eu/zerm/wenn-rezos-cduzerstoerung-ueberall-gezeigt-wird-haben-wir-ein-problem.html
15,https://zerm.eu/zerm/klimaschutz-ist-konservativ-aber-das-ist-egal.html
16,https://zerm.eu/zerm/warum-ich-nicht-gruen-waehle.html
17,https://zerm.eu/zerm/deutschland-und-die-eu-liefern-den-brandbeschleuniger.html
18,https://zerm.eu/zerm/die-zukunft-kommt-von-linksaussen.html
19,https://zerm.eu/zerm/eine-analyse-der-auswirkungen-einer-cannabislegalisierung.html
20,https://zerm.eu/zerm/die-klarnamenpflicht.html
21,https://zerm.eu/zerm/dieses-jahrzehnt-wird-entscheidend.html
22,https://zerm.eu/zerm/kommt-jetzt-die-revolution.html
23,https://zerm.eu/zerm/wenn-der-buergerkrieg-die-einzige-loesung-ist.html
index,https://zerm.eu/index.html
24,https://zerm.eu/zerm/unsere-antwort-auf-die-zerstoerung-der-presse-rezo.html
25,https://zerm.eu/zerm/es-ist-egal.html
